SKU,
Q01-1L,79745
Q01-1R,79746
Q01-2L,79747
Q01-2R,79748
Q01-3L,79749
Q01-3R,79750
Q01-4L,79751
Q01-4R,79752
Q01-5L,79753
Q01-5R,79754
Q01-6L,79755
Q01-6R,79756
Q01-7L,79757
Q01-7R,79758
Q02-1L,79759
Q02-1R,79760
Q02-2L,79761
Q02-2R,79762
Q02-3L,79763
Q02-3R,79764
Q02-4L,79765
Q02-4R,79766
Q02-5L,79767
Q02-5R,79768
Q02-6L,79769
Q02-6R,79770
Q02-7L,79771
Q02-7R,79772
Q03-1L,79773
Q03-1R,79774
Q03-2L,79775
Q03-2R,79776
Q03-3L,79777
Q03-3R,79778
Q03-4L,79779
Q03-4R,79780
Q03-5L,79781
Q03-5R,79782
Q03-6L,79783
Q03-6R,79784
Q03-7L,79785
Q03-7R,79786
Q04-1L,79787
Q04-1R,79788
Q04-2L,79789
Q04-2R,79790
Q04-3L,79791
Q04-3R,79792
Q04-4L,79793
Q04-4R,79794
Q04-5L,79795
Q04-5R,79796
Q04-6L,79797
Q04-6R,79798
Q04-7L,79799
Q04-7R,79800
Q05-1L,79801
Q05-1R,79802
Q05-2L,79803
Q05-2R,79804
Q05-3L,79805
Q05-3R,79806
Q05-4L,79807
Q05-4R,79808
Q05-5L,79809
Q05-5R,79810
Q05-6L,79811
Q05-6R,79812
Q05-7L,79813
Q05-7R,79814
Q06-1L,79815
Q06-1R,79816
Q06-2L,79817
Q06-2R,79818
Q06-3L,79819
Q06-3R,79820
Q06-4L,79821
Q06-4R,79822
Q06-5L,79823
Q06-5R,79824
Q06-6L,79825
Q06-6R,79826
Q06-7L,79827
Q06-7R,79828
Q07-1L,79829
Q07-1R,79830
Q07-2L,79831
Q07-2R,79832
Q07-3L,79833
Q07-3R,79834
Q07-4L,79835
Q07-4R,79836
Q07-5L,79837
Q07-5R,79838
Q07-6L,79839
Q07-6R,79840
Q07-7L,79841
Q07-7R,79842
Q08-1L,79843
Q08-1R,79844
Q08-2L,79845
Q08-2R,79846
Q08-3L,79847
Q08-3R,79848
Q08-4L,79849
Q08-4R,79850
Q08-5L,79851
Q08-5R,79852
Q08-6L,79853
Q08-6R,79854
Q08-7L,79855
Q08-7R,79856
Q09-1L,79857
Q09-1R,79858
Q09-2L,79859
Q09-2R,79860
Q09-3L,79861
Q09-3R,79862
Q09-4L,79863
Q09-4R,79864
Q09-5L,79865
Q09-5R,79866
Q09-6L,79867
Q09-6R,79868
Q09-7L,79869
Q09-7R,79870
Q10-1L,79871
Q10-1R,79872
Q10-2L,79873
Q10-2R,79874
Q10-3L,79875
Q10-3R,79876
Q10-4L,79877
Q10-4R,79878
Q10-5L,79879
Q10-5R,79880
Q10-6L,79881
Q10-6R,79882
Q10-7L,79883
Q10-7R,79884
Q11-1L,79885
Q11-1R,79886
Q11-2L,79887
Q11-2R,79888
Q11-3L,79889
Q11-3R,79890
Q11-4L,79891
Q11-4R,79892
Q11-5L,79893
Q11-5R,79894
Q11-6L,79895
Q11-6R,79896
Q11-7L,79897
Q11-7R,79898
Q12-1L,79899
Q12-1R,79900
Q12-2L,79901
Q12-2R,79902
Q12-3L,79903
Q12-3R,79904
Q12-4L,79905
Q12-4R,79906
Q12-5L,79907
Q12-5R,79908
Q12-6L,79909
Q12-6R,79910
Q12-7L,79911
Q12-7R,79912
Q13-1L,79913
Q13-1R,79914
Q13-2L,79915
Q13-2R,79916
Q13-3L,79917
Q13-3R,79918
Q13-4L,79919
Q13-4R,79920
Q13-5L,79921
Q13-5R,79922
Q13-6L,79923
Q13-6R,79924
Q13-7L,79925
Q13-7R,79926
Q14-1L,79927
Q14-1R,79928
Q14-2L,79929
Q14-2R,79930
Q14-3L,79931
Q14-3R,79932
Q14-4L,79933
Q14-4R,79934
Q14-5L,79935
Q14-5R,79936
Q14-6L,79937
Q14-6R,79938
Q14-7L,79939
Q14-7R,79940
R01-1L,79941
R01-1R,79942
R01-2L,79943
R01-2R,79944
R01-3L,79945
R01-3R,79946
R01-4L,79947
R01-4R,79948
R01-5L,79949
R01-5R,79950
R01-6L,79951
R01-6R,79952
R01-7L,79953
R01-7R,79954
R02-1L,79955
R02-1R,79956
R02-2L,79957
R02-2R,79958
R02-3L,79959
R02-3R,79960
R02-4L,79961
R02-4R,79962
R02-5L,79963
R02-5R,79964
R02-6L,79965
R02-6R,79966
R02-7L,79967
R02-7R,79968
R03-1L,79969
R03-1R,79970
R03-2L,79971
R03-2R,79972
R03-3L,79973
R03-3R,79974
R03-4L,79975
R03-4R,79976
R03-5L,79977
R03-5R,79978
R03-6L,79979
R03-6R,79980
R03-7L,79981
R03-7R,79982
R04-1L,79983
R04-1R,79984
R04-2L,79985
R04-2R,79986
R04-3L,79987
R04-3R,79988
R04-4L,79989
R04-4R,79990
R04-5L,79991
R04-5R,79992
R04-6L,79993
R04-6R,79994
R04-7L,79995
R04-7R,79996
R05-1L,79997
R05-1R,79998
R05-2L,79999
R05-2R,80000
R05-3L,80001
R05-3R,80002
R05-4L,80003
R05-4R,80004
R05-5L,80005
R05-5R,80006
R05-6L,80007
R05-6R,80008
R05-7L,80009
R05-7R,80010
R06-1L,80011
R06-1R,80012
R06-2L,80013
R06-2R,80014
R06-3L,80015
R06-3R,80016
R06-4L,80017
R06-4R,80018
R06-5L,80019
R06-5R,80020
R06-6L,80021
R06-6R,80022
R06-7L,80023
R06-7R,80024
R07-1L,80025
R07-1R,80026
R07-2L,80027
R07-2R,80028
R07-3L,80029
R07-3R,80030
R07-4L,80031
R07-4R,80032
R07-5L,80033
R07-5R,80034
R07-6L,80035
R07-6R,80036
R07-7L,80037
R07-7R,80038
R08-1L,80039
R08-1R,80040
R08-2L,80041
R08-2R,80042
R08-3L,80043
R08-3R,80044
R08-4L,80045
R08-4R,80046
R08-5L,80047
R08-5R,80048
R08-6L,80049
R08-6R,80050
R08-7L,80051
R08-7R,80052
R09-1L,80053
R09-1R,80054
R09-2L,80055
R09-2R,80056
R09-3L,80057
R09-3R,80058
R09-4L,80059
R09-4R,80060
R09-5L,80061
R09-5R,80062
R09-6L,80063
R09-6R,80064
R09-7L,80065
R09-7R,80066
R10-1L,80067
R10-1R,80068
R10-2L,80069
R10-2R,80070
R10-3L,80071
R10-3R,80072
R10-4L,80073
R10-4R,80074
R10-5L,80075
R10-5R,80076
R10-6L,80077
R10-6R,80078
R10-7L,80079
R10-7R,80080
R11-1L,80081
R11-1R,80082
R11-2L,80083
R11-2R,80084
R11-3L,80085
R11-3R,80086
R11-4L,80087
R11-4R,80088
R11-5L,80089
R11-5R,80090
R11-6L,80091
R11-6R,80092
R11-7L,80093
R11-7R,80094
R12-1L,80095
R12-1R,80096
R12-2L,80097
R12-2R,80098
R12-3L,80099
R12-3R,80100
R12-4L,80101
R12-4R,80102
R12-5L,80103
R12-5R,80104
R12-6L,80105
R12-6R,80106
R12-7L,80107
R12-7R,80108
R13-1L,80109
R13-1R,80110
R13-2L,80111
R13-2R,80112
R13-3L,80113
R13-3R,80114
R13-4L,80115
R13-4R,80116
R13-5L,80117
R13-5R,80118
R13-6L,80119
R13-6R,80120
R13-7L,80121
R13-7R,80122
R14-1L,80123
R14-1R,80124
R14-2L,80125
R14-2R,80126
R14-3L,80127
R14-3R,80128
R14-4L,80129
R14-4R,80130
R14-5L,80131
R14-5R,80132
R14-6L,80133
R14-6R,80134
R14-7L,80135
R14-7R,80136
S01-1L,80137
S01-1R,80138
S01-2L,80139
S01-2R,80140
S01-3L,80141
S01-3R,80142
S01-4L,80143
S01-4R,80144
S01-5L,80145
S01-5R,80146
S01-6L,80147
S01-6R,80148
S01-7L,80149
S01-7R,80150
S02-1L,80151
S02-1R,80152
S02-2L,80153
S02-2R,80154
S02-3L,80155
S02-3R,80156
S02-4L,80157
S02-4R,80158
S02-5L,80159
S02-5R,80160
S02-6L,80161
S02-6R,80162
S02-7L,80163
S02-7R,80164
S03-1L,80165
S03-1R,80166
S03-2L,80167
S03-2R,80168
S03-3L,80169
S03-3R,80170
S03-4L,80171
S03-4R,80172
S03-5L,80173
S03-5R,80174
S03-6L,80175
S03-6R,80176
S03-7L,80177
S03-7R,80178
S04-1L,80179
S04-1R,80180
S04-2L,80181
S04-2R,80182
S04-3L,80183
S04-3R,80184
S04-4L,80185
S04-4R,80186
S04-5L,80187
S04-5R,80188
S04-6L,80189
S04-6R,80190
S04-7L,80191
S04-7R,80192
S05-1L,80193
S05-1R,80194
S05-2L,80195
S05-2R,80196
S05-3L,80197
S05-3R,80198
S05-4L,80199
S05-4R,80200
S05-5L,80201
S05-5R,80202
S05-6L,80203
S05-6R,80204
S05-7L,80205
S05-7R,80206
S06-1L,80207
S06-1R,80208
S06-2L,80209
S06-2R,80210
S06-3L,80211
S06-3R,80212
S06-4L,80213
S06-4R,80214
S06-5L,80215
S06-5R,80216
S06-6L,80217
S06-6R,80218
S06-7L,80219
S06-7R,80220
S07-1L,80221
S07-1R,80222
S07-2L,80223
S07-2R,80224
S07-3L,80225
S07-3R,80226
S07-4L,80227
S07-4R,80228
S07-5L,80229
S07-5R,80230
S07-6L,80231
S07-6R,80232
S07-7L,80233
S07-7R,80234
S08-1L,80235
S08-1R,80236
S08-2L,80237
S08-2R,80238
S08-3L,80239
S08-3R,80240
S08-4L,80241
S08-4R,80242
S08-5L,80243
S08-5R,80244
S08-6L,80245
S08-6R,80246
S08-7L,80247
S08-7R,80248
S09-1L,80249
S09-1R,80250
S09-2L,80251
S09-2R,80252
S09-3L,80253
S09-3R,80254
S09-4L,80255
S09-4R,80256
S09-5L,80257
S09-5R,80258
S09-6L,80259
S09-6R,80260
S09-7L,80261
S09-7R,80262
S10-1L,80263
S10-1R,80264
S10-2L,80265
S10-2R,80266
S10-3L,80267
S10-3R,80268
S10-4L,80269
S10-4R,80270
S10-5L,80271
S10-5R,80272
S10-6L,80273
S10-6R,80274
S10-7L,80275
S10-7R,80276
S11-1L,80277
S11-1R,80278
S11-2L,80279
S11-2R,80280
S11-3L,80281
S11-3R,80282
S11-4L,80283
S11-4R,80284
S11-5L,80285
S11-5R,80286
S11-6L,80287
S11-6R,80288
S11-7L,80289
S11-7R,80290
S12-1L,80291
S12-1R,80292
S12-2L,80293
S12-2R,80294
S12-3L,80295
S12-3R,80296
S12-4L,80297
S12-4R,80298
S12-5L,80299
S12-5R,80300
S12-6L,80301
S12-6R,80302
S12-7L,80303
S12-7R,80304
S13-1L,80305
S13-1R,80306
S13-2L,80307
S13-2R,80308
S13-3L,80309
S13-3R,80310
S13-4L,80311
S13-4R,80312
S13-5L,80313
S13-5R,80314
S13-6L,80315
S13-6R,80316
S13-7L,80317
S13-7R,80318
S14-1L,80319
S14-1R,80320
S14-2L,80321
S14-2R,80322
S14-3L,80323
S14-3R,80324
S14-4L,80325
S14-4R,80326
S14-5L,80327
S14-5R,80328
S14-6L,80329
S14-6R,80330
S14-7L,80331
S14-7R,80332
T01-1L,80333
T01-1R,80334
T01-2L,80335
T01-2R,80336
T01-3L,80337
T01-3R,80338
T01-4L,80339
T01-4R,80340
T01-5L,80341
T01-5R,80342
T01-6L,80343
T01-6R,80344
T01-7L,80345
T01-7R,80346
T02-1L,80347
T02-1R,80348
T02-2L,80349
T02-2R,80350
T02-3L,80351
T02-3R,80352
T02-4L,80353
T02-4R,80354
T02-5L,80355
T02-5R,80356
T02-6L,80357
T02-6R,80358
T02-7L,80359
T02-7R,80360
T03-1L,80361
T03-1R,80362
T03-2L,80363
T03-2R,80364
T03-3L,80365
T03-3R,80366
T03-4L,80367
T03-4R,80368
T03-5L,80369
T03-5R,80370
T03-6L,80371
T03-6R,80372
T03-7L,80373
T03-7R,80374
T04-1L,80375
T04-1R,80376
T04-2L,80377
T04-2R,80378
T04-3L,80379
T04-3R,80380
T04-4L,80381
T04-4R,80382
T04-5L,80383
T04-5R,80384
T04-6L,80385
T04-6R,80386
T04-7L,80387
T04-7R,80388
T05-1L,80389
T05-1R,80390
T05-2L,80391
T05-2R,80392
T05-3L,80393
T05-3R,80394
T05-4L,80395
T05-4R,80396
T05-5L,80397
T05-5R,80398
T05-6L,80399
T05-6R,80400
T05-7L,80401
T05-7R,80402
T06-1L,80403
T06-1R,80404
T06-2L,80405
T06-2R,80406
T06-3L,80407
T06-3R,80408
T06-4L,80409
T06-4R,80410
T06-5L,80411
T06-5R,80412
T06-6L,80413
T06-6R,80414
T06-7L,80415
T06-7R,80416
T07-1L,80417
T07-1R,80418
T07-2L,80419
T07-2R,80420
T07-3L,80421
T07-3R,80422
T07-4L,80423
T07-4R,80424
T07-5L,80425
T07-5R,80426
T07-6L,80427
T07-6R,80428
T07-7L,80429
T07-7R,80430
T08-1L,80431
T08-1R,80432
T08-2L,80433
T08-2R,80434
T08-3L,80435
T08-3R,80436
T08-4L,80437
T08-4R,80438
T08-5L,80439
T08-5R,80440
T08-6L,80441
T08-6R,80442
T08-7L,80443
T08-7R,80444
T09-1L,80445
T09-1R,80446
T09-2L,80447
T09-2R,80448
T09-3L,80449
T09-3R,80450
T09-4L,80451
T09-4R,80452
T09-5L,80453
T09-5R,80454
T09-6L,80455
T09-6R,80456
T09-7L,80457
T09-7R,80458
T10-1L,80459
T10-1R,80460
T10-2L,80461
T10-2R,80462
T10-3L,80463
T10-3R,80464
T10-4L,80465
T10-4R,80466
T10-5L,80467
T10-5R,80468
T10-6L,80469
T10-6R,80470
T10-7L,80471
T10-7R,80472
T11-1L,80473
T11-1R,80474
T11-2L,80475
T11-2R,80476
T11-3L,80477
T11-3R,80478
T11-4L,80479
T11-4R,80480
T11-5L,80481
T11-5R,80482
T11-6L,80483
T11-6R,80484
T11-7L,80485
T11-7R,80486
T12-1L,80487
T12-1R,80488
T12-2L,80489
T12-2R,80490
T12-3L,80491
T12-3R,80492
T12-4L,80493
T12-4R,80494
T12-5L,80495
T12-5R,80496
T12-6L,80497
T12-6R,80498
T12-7L,80499
T12-7R,80500
T13-1L,80501
T13-1R,80502
T13-2L,80503
T13-2R,80504
T13-3L,80505
T13-3R,80506
T13-4L,80507
T13-4R,80508
T13-5L,80509
T13-5R,80510
T13-6L,80511
T13-6R,80512
T13-7L,80513
T13-7R,80514
T14-1L,80515
T14-1R,80516
T14-2L,80517
T14-2R,80518
T14-3L,80519
T14-3R,80520
T14-4L,80521
T14-4R,80522
T14-5L,80523
T14-5R,80524
T14-6L,80525
T14-6R,80526
T14-7L,80527
T14-7R,80528
U01-1L,80529
U01-1R,80530
U01-2L,80531
U01-2R,80532
U01-3L,80533
U01-3R,80534
U01-4L,80535
U01-4R,80536
U01-5L,80537
U01-5R,80538
U01-6L,80539
U01-6R,80540
U01-7L,80541
U01-7R,80542
U02-1L,80543
U02-1R,80544
U02-2L,80545
U02-2R,80546
U02-3L,80547
U02-3R,80548
U02-4L,80549
U02-4R,80550
U02-5L,80551
U02-5R,80552
U02-6L,80553
U02-6R,80554
U02-7L,80555
U02-7R,80556
U03-1L,80557
U03-1R,80558
U03-2L,80559
U03-2R,80560
U03-3L,80561
U03-3R,80562
U03-4L,80563
U03-4R,80564
U03-5L,80565
U03-5R,80566
U03-6L,80567
U03-6R,80568
U03-7L,80569
U03-7R,80570
U04-1L,80571
U04-1R,80572
U04-2L,80573
U04-2R,80574
U04-3L,80575
U04-3R,80576
U04-4L,80577
U04-4R,80578
U04-5L,80579
U04-5R,80580
U04-6L,80581
U04-6R,80582
U04-7L,80583
U04-7R,80584
U05-1L,80585
U05-1R,80586
U05-2L,80587
U05-2R,80588
U05-3L,80589
U05-3R,80590
U05-4L,80591
U05-4R,80592
U05-5L,80593
U05-5R,80594
U05-6L,80595
U05-6R,80596
U05-7L,80597
U05-7R,80598
U06-1L,80599
U06-1R,80600
U06-2L,80601
U06-2R,80602
U06-3L,80603
U06-3R,80604
U06-4L,80605
U06-4R,80606
U06-5L,80607
U06-5R,80608
U06-6L,80609
U06-6R,80610
U06-7L,80611
U06-7R,80612
U07-1L,80613
U07-1R,80614
U07-2L,80615
U07-2R,80616
U07-3L,80617
U07-3R,80618
U07-4L,80619
U07-4R,80620
U07-5L,80621
U07-5R,80622
U07-6L,80623
U07-6R,80624
U07-7L,80625
U07-7R,80626
U08-1L,80627
U08-1R,80628
U08-2L,80629
U08-2R,80630
U08-3L,80631
U08-3R,80632
U08-4L,80633
U08-4R,80634
U08-5L,80635
U08-5R,80636
U08-6L,80637
U08-6R,80638
U08-7L,80639
U08-7R,80640
U09-1L,80641
U09-1R,80642
U09-2L,80643
U09-2R,80644
U09-3L,80645
U09-3R,80646
U09-4L,80647
U09-4R,80648
U09-5L,80649
U09-5R,80650
U09-6L,80651
U09-6R,80652
U09-7L,80653
U09-7R,80654
U10-1L,80655
U10-1R,80656
U10-2L,80657
U10-2R,80658
U10-3L,80659
U10-3R,80660
U10-4L,80661
U10-4R,80662
U10-5L,80663
U10-5R,80664
U10-6L,80665
U10-6R,80666
U10-7L,80667
U10-7R,80668
U11-1L,80669
U11-1R,80670
U11-2L,80671
U11-2R,80672
U11-3L,80673
U11-3R,80674
U11-4L,80675
U11-4R,80676
U11-5L,80677
U11-5R,80678
U11-6L,80679
U11-6R,80680
U11-7L,80681
U11-7R,80682
U12-1L,80683
U12-1R,80684
U12-2L,80685
U12-2R,80686
U12-3L,80687
U12-3R,80688
U12-4L,80689
U12-4R,80690
U12-5L,80691
U12-5R,80692
U12-6L,80693
U12-6R,80694
U12-7L,80695
U12-7R,80696
U13-1L,80697
U13-1R,80698
U13-2L,80699
U13-2R,80700
U13-3L,80701
U13-3R,80702
U13-4L,80703
U13-4R,80704
U13-5L,80705
U13-5R,80706
U13-6L,80707
U13-6R,80708
U13-7L,80709
U13-7R,80710
U14-1L,80711
U14-1R,80712
U14-2L,80713
U14-2R,80714
U14-3L,80715
U14-3R,80716
U14-4L,80717
U14-4R,80718
U14-5L,80719
U14-5R,80720
U14-6L,80721
U14-6R,80722
U14-7L,80723
U14-7R,80724
V01-1L,80725
V01-1R,80726
V01-2L,80727
V01-2R,80728
V01-3L,80729
V01-3R,80730
V01-4L,80731
V01-4R,80732
V01-5L,80733
V01-5R,80734
V01-6L,80735
V01-6R,80736
V01-7L,80737
V01-7R,80738
V02-1L,80739
V02-1R,80740
V02-2L,80741
V02-2R,80742
V02-3L,80743
V02-3R,80744
V02-4L,80745
V02-4R,80746
V02-5L,80747
V02-5R,80748
V02-6L,80749
V02-6R,80750
V02-7L,80751
V02-7R,80752
V03-1L,80753
V03-1R,80754
V03-2L,80755
V03-2R,80756
V03-3L,80757
V03-3R,80758
V03-4L,80759
V03-4R,80760
V03-5L,80761
V03-5R,80762
V03-6L,80763
V03-6R,80764
V03-7L,80765
V03-7R,80766
V04-1L,80767
V04-1R,80768
V04-2L,80769
V04-2R,80770
V04-3L,80771
V04-3R,80772
V04-4L,80773
V04-4R,80774
V04-5L,80775
V04-5R,80776
V04-6L,80777
V04-6R,80778
V04-7L,80779
V04-7R,80780
V05-1L,80781
V05-1R,80782
V05-2L,80783
V05-2R,80784
V05-3L,80785
V05-3R,80786
V05-4L,80787
V05-4R,80788
V05-5L,80789
V05-5R,80790
V05-6L,80791
V05-6R,80792
V05-7L,80793
V05-7R,80794
V06-1L,80795
V06-1R,80796
V06-2L,80797
V06-2R,80798
V06-3L,80799
V06-3R,80800
V06-4L,80801
V06-4R,80802
V06-5L,80803
V06-5R,80804
V06-6L,80805
V06-6R,80806
V06-7L,80807
V06-7R,80808
V07-1L,80809
V07-1R,80810
V07-2L,80811
V07-2R,80812
V07-3L,80813
V07-3R,80814
V07-4L,80815
V07-4R,80816
V07-5L,80817
V07-5R,80818
V07-6L,80819
V07-6R,80820
V07-7L,80821
V07-7R,80822
V08-1L,80823
V08-1R,80824
V08-2L,80825
V08-2R,80826
V08-3L,80827
V08-3R,80828
V08-4L,80829
V08-4R,80830
V08-5L,80831
V08-5R,80832
V08-6L,80833
V08-6R,80834
V08-7L,80835
V08-7R,80836
V09-1L,80837
V09-1R,80838
V09-2L,80839
V09-2R,80840
V09-3L,80841
V09-3R,80842
V09-4L,80843
V09-4R,80844
V09-5L,80845
V09-5R,80846
V09-6L,80847
V09-6R,80848
V09-7L,80849
V09-7R,80850
V10-1L,80851
V10-1R,80852
V10-2L,80853
V10-2R,80854
V10-3L,80855
V10-3R,80856
V10-4L,80857
V10-4R,80858
V10-5L,80859
V10-5R,80860
V10-6L,80861
V10-6R,80862
V10-7L,80863
V10-7R,80864
V11-1L,80865
V11-1R,80866
V11-2L,80867
V11-2R,80868
V11-3L,80869
V11-3R,80870
V11-4L,80871
V11-4R,80872
V11-5L,80873
V11-5R,80874
V11-6L,80875
V11-6R,80876
V11-7L,80877
V11-7R,80878
V12-1L,80879
V12-1R,80880
V12-2L,80881
V12-2R,80882
V12-3L,80883
V12-3R,80884
V12-4L,80885
V12-4R,80886
V12-5L,80887
V12-5R,80888
V12-6L,80889
V12-6R,80890
V12-7L,80891
V12-7R,80892
V13-1L,80893
V13-1R,80894
V13-2L,80895
V13-2R,80896
V13-3L,80897
V13-3R,80898
V13-4L,80899
V13-4R,80900
V13-5L,80901
V13-5R,80902
V13-6L,80903
V13-6R,80904
V13-7L,80905
V13-7R,80906
V14-1L,80907
V14-1R,80908
V14-2L,80909
V14-2R,80910
V14-3L,80911
V14-3R,80912
V14-4L,80913
V14-4R,80914
V14-5L,80915
V14-5R,80916
V14-6L,80917
V14-6R,80918
V14-7L,80919
V14-7R,80920
W01-1L,80921
W01-1R,80922
W01-2L,80923
W01-2R,80924
W01-3L,80925
W01-3R,80926
W01-4L,80927
W01-4R,80928
W01-5L,80929
W01-5R,80930
W01-6L,80931
W01-6R,80932
W01-7L,80933
W01-7R,80934
W02-1L,80935
W02-1R,80936
W02-2L,80937
W02-2R,80938
W02-3L,80939
W02-3R,80940
W02-4L,80941
W02-4R,80942
W02-5L,80943
W02-5R,80944
W02-6L,80945
W02-6R,80946
W02-7L,80947
W02-7R,80948
W03-1L,80949
W03-1R,80950
W03-2L,80951
W03-2R,80952
W03-3L,80953
W03-3R,80954
W03-4L,80955
W03-4R,80956
W03-5L,80957
W03-5R,80958
W03-6L,80959
W03-6R,80960
W03-7L,80961
W03-7R,80962
W04-1L,80963
W04-1R,80964
W04-2L,80965
W04-2R,80966
W04-3L,80967
W04-3R,80968
W04-4L,80969
W04-4R,80970
W04-5L,80971
W04-5R,80972
W04-6L,80973
W04-6R,80974
W04-7L,80975
W04-7R,80976
W05-1L,80977
W05-1R,80978
W05-2L,80979
W05-2R,80980
W05-3L,80981
W05-3R,80982
W05-4L,80983
W05-4R,80984
W05-5L,80985
W05-5R,80986
W05-6L,80987
W05-6R,80988
W05-7L,80989
W05-7R,80990
W06-1L,80991
W06-1R,80992
W06-2L,80993
W06-2R,80994
W06-3L,80995
W06-3R,80996
W06-4L,80997
W06-4R,80998
W06-5L,80999
W06-5R,81000
W06-6L,81001
W06-6R,81002
W06-7L,81003
W06-7R,81004
W07-1L,81005
W07-1R,81006
W07-2L,81007
W07-2R,81008
W07-3L,81009
W07-3R,81010
W07-4L,81011
W07-4R,81012
W07-5L,81013
W07-5R,81014
W07-6L,81015
W07-6R,81016
W07-7L,81017
W07-7R,81018
W08-1L,81019
W08-1R,81020
W08-2L,81021
W08-2R,81022
W08-3L,81023
W08-3R,81024
W08-4L,81025
W08-4R,81026
W08-5L,81027
W08-5R,81028
W08-6L,81029
W08-6R,81030
W08-7L,81031
W08-7R,81032
W09-1L,81033
W09-1R,81034
W09-2L,81035
W09-2R,81036
W09-3L,81037
W09-3R,81038
W09-4L,81039
W09-4R,81040
W09-5L,81041
W09-5R,81042
W09-6L,81043
W09-6R,81044
W09-7L,81045
W09-7R,81046
W10-1L,81047
W10-1R,81048
W10-2L,81049
W10-2R,81050
W10-3L,81051
W10-3R,81052
W10-4L,81053
W10-4R,81054
W10-5L,81055
W10-5R,81056
W10-6L,81057
W10-6R,81058
W10-7L,81059
W10-7R,81060
W11-1L,81061
W11-1R,81062
W11-2L,81063
W11-2R,81064
W11-3L,81065
W11-3R,81066
W11-4L,81067
W11-4R,81068
W11-5L,81069
W11-5R,81070
W11-6L,81071
W11-6R,81072
W11-7L,81073
W11-7R,81074
W12-1L,81075
W12-1R,81076
W12-2L,81077
W12-2R,81078
W12-3L,81079
W12-3R,81080
W12-4L,81081
W12-4R,81082
W12-5L,81083
W12-5R,81084
W12-6L,81085
W12-6R,81086
W12-7L,81087
W12-7R,81088
W13-1L,81089
W13-1R,81090
W13-2L,81091
W13-2R,81092
W13-3L,81093
W13-3R,81094
W13-4L,81095
W13-4R,81096
W13-5L,81097
W13-5R,81098
W13-6L,81099
W13-6R,81100
W13-7L,81101
W13-7R,81102
W14-1L,81103
W14-1R,81104
W14-2L,81105
W14-2R,81106
W14-3L,81107
W14-3R,81108
W14-4L,81109
W14-4R,81110
W14-5L,81111
W14-5R,81112
W14-6L,81113
W14-6R,81114
W14-7L,81115
W14-7R,81116
X01-1L,81117
X01-1R,81118
X01-2L,81119
X01-2R,81120
X01-3L,81121
X01-3R,81122
X01-4L,81123
X01-4R,81124
X01-5L,81125
X01-5R,81126
X01-6L,81127
X01-6R,81128
X01-7L,81129
X01-7R,81130
X02-1L,81131
X02-1R,81132
X02-2L,81133
X02-2R,81134
X02-3L,81135
X02-3R,81136
X02-4L,81137
X02-4R,81138
X02-5L,81139
X02-5R,81140
X02-6L,81141
X02-6R,81142
X02-7L,81143
X02-7R,81144
X03-1L,81145
X03-1R,81146
X03-2L,81147
X03-2R,81148
X03-3L,81149
X03-3R,81150
X03-4L,81151
X03-4R,81152
X03-5L,81153
X03-5R,81154
X03-6L,81155
X03-6R,81156
X03-7L,81157
X03-7R,81158
X04-1L,81159
X04-1R,81160
X04-2L,81161
X04-2R,81162
X04-3L,81163
X04-3R,81164
X04-4L,81165
X04-4R,81166
X04-5L,81167
X04-5R,81168
X04-6L,81169
X04-6R,81170
X04-7L,81171
X04-7R,81172
X05-1L,81173
X05-1R,81174
X05-2L,81175
X05-2R,81176
X05-3L,81177
X05-3R,81178
X05-4L,81179
X05-4R,81180
X05-5L,81181
X05-5R,81182
X05-6L,81183
X05-6R,81184
X05-7L,81185
X05-7R,81186
X06-1L,81187
X06-1R,81188
X06-2L,81189
X06-2R,81190
X06-3L,81191
X06-3R,81192
X06-4L,81193
X06-4R,81194
X06-5L,81195
X06-5R,81196
X06-6L,81197
X06-6R,81198
X06-7L,81199
X06-7R,81200
X07-1L,81201
X07-1R,81202
X07-2L,81203
X07-2R,81204
X07-3L,81205
X07-3R,81206
X07-4L,81207
X07-4R,81208
X07-5L,81209
X07-5R,81210
X07-6L,81211
X07-6R,81212
X07-7L,81213
X07-7R,81214
X08-1L,81215
X08-1R,81216
X08-2L,81217
X08-2R,81218
X08-3L,81219
X08-3R,81220
X08-4L,81221
X08-4R,81222
X08-5L,81223
X08-5R,81224
X08-6L,81225
X08-6R,81226
X08-7L,81227
X08-7R,81228
X09-1L,81229
X09-1R,81230
X09-2L,81231
X09-2R,81232
X09-3L,81233
X09-3R,81234
X09-4L,81235
X09-4R,81236
X09-5L,81237
X09-5R,81238
X09-6L,81239
X09-6R,81240
X09-7L,81241
X09-7R,81242
X10-1L,81243
X10-1R,81244
X10-2L,81245
X10-2R,81246
X10-3L,81247
X10-3R,81248
X10-4L,81249
X10-4R,81250
X10-5L,81251
X10-5R,81252
X10-6L,81253
X10-6R,81254
X10-7L,81255
X10-7R,81256
X11-1L,81257
X11-1R,81258
X11-2L,81259
X11-2R,81260
X11-3L,81261
X11-3R,81262
X11-4L,81263
X11-4R,81264
X11-5L,81265
X11-5R,81266
X11-6L,81267
X11-6R,81268
X11-7L,81269
X11-7R,81270
X12-1L,81271
X12-1R,81272
X12-2L,81273
X12-2R,81274
X12-3L,81275
X12-3R,81276
X12-4L,81277
X12-4R,81278
X12-5L,81279
X12-5R,81280
X12-6L,81281
X12-6R,81282
X12-7L,81283
X12-7R,81284
X13-1L,81285
X13-1R,81286
X13-2L,81287
X13-2R,81288
X13-3L,81289
X13-3R,81290
X13-4L,81291
X13-4R,81292
X13-5L,81293
X13-5R,81294
X13-6L,81295
X13-6R,81296
X13-7L,81297
X13-7R,81298
X14-1L,81299
X14-1R,81300
X14-2L,81301
X14-2R,81302
X14-3L,81303
X14-3R,81304
X14-4L,81305
X14-4R,81306
X14-5L,81307
X14-5R,81308
X14-6L,81309
X14-6R,81310
X14-7L,81311
X14-7R,81312
Y01-1L,81313
Y01-1R,81314
Y01-2L,81315
Y01-2R,81316
Y01-3L,81317
Y01-3R,81318
Y01-4L,81319
Y01-4R,81320
Y01-5L,81321
Y01-5R,81322
Y01-6L,81323
Y01-6R,81324
Y01-7L,81325
Y01-7R,81326
Y02-1L,81327
Y02-1R,81328
Y02-2L,81329
Y02-2R,81330
Y02-3L,81331
Y02-3R,81332
Y02-4L,81333
Y02-4R,81334
Y02-5L,81335
Y02-5R,81336
Y02-6L,81337
Y02-6R,81338
Y02-7L,81339
Y02-7R,81340
Y03-1L,81341
Y03-1R,81342
Y03-2L,81343
Y03-2R,81344
Y03-3L,81345
Y03-3R,81346
Y03-4L,81347
Y03-4R,81348
Y03-5L,81349
Y03-5R,81350
Y03-6L,81351
Y03-6R,81352
Y03-7L,81353
Y03-7R,81354
Y04-1L,81355
Y04-1R,81356
Y04-2L,81357
Y04-2R,81358
Y04-3L,81359
Y04-3R,81360
Y04-4L,81361
Y04-4R,81362
Y04-5L,81363
Y04-5R,81364
Y04-6L,81365
Y04-6R,81366
Y04-7L,81367
Y04-7R,81368
Y05-1L,81369
Y05-1R,81370
Y05-2L,81371
Y05-2R,81372
Y05-3L,81373
Y05-3R,81374
Y05-4L,81375
Y05-4R,81376
Y05-5L,81377
Y05-5R,81378
Y05-6L,81379
Y05-6R,81380
Y05-7L,81381
Y05-7R,81382
Y06-1L,81383
Y06-1R,81384
Y06-2L,81385
Y06-2R,81386
Y06-3L,81387
Y06-3R,81388
Y06-4L,81389
Y06-4R,81390
Y06-5L,81391
Y06-5R,81392
Y06-6L,81393
Y06-6R,81394
Y06-7L,81395
Y06-7R,81396
Y07-1L,81397
Y07-1R,81398
Y07-2L,81399
Y07-2R,81400
Y07-3L,81401
Y07-3R,81402
Y07-4L,81403
Y07-4R,81404
Y07-5L,81405
Y07-5R,81406
Y07-6L,81407
Y07-6R,81408
Y07-7L,81409
Y07-7R,81410
Y08-1L,81411
Y08-1R,81412
Y08-2L,81413
Y08-2R,81414
Y08-3L,81415
Y08-3R,81416
Y08-4L,81417
Y08-4R,81418
Y08-5L,81419
Y08-5R,81420
Y08-6L,81421
Y08-6R,81422
Y08-7L,81423
Y08-7R,81424
Y09-1L,81425
Y09-1R,81426
Y09-2L,81427
Y09-2R,81428
Y09-3L,81429
Y09-3R,81430
Y09-4L,81431
Y09-4R,81432
Y09-5L,81433
Y09-5R,81434
Y09-6L,81435
Y09-6R,81436
Y09-7L,81437
Y09-7R,81438
Y10-1L,81439
Y10-1R,81440
Y10-2L,81441
Y10-2R,81442
Y10-3L,81443
Y10-3R,81444
Y10-4L,81445
Y10-4R,81446
Y10-5L,81447
Y10-5R,81448
Y10-6L,81449
Y10-6R,81450
Y10-7L,81451
Y10-7R,81452
Y11-1L,81453
Y11-1R,81454
Y11-2L,81455
Y11-2R,81456
Y11-3L,81457
Y11-3R,81458
Y11-4L,81459
Y11-4R,81460
Y11-5L,81461
Y11-5R,81462
Y11-6L,81463
Y11-6R,81464
Y11-7L,81465
Y11-7R,81466
Y12-1L,81467
Y12-1R,81468
Y12-2L,81469
Y12-2R,81470
Y12-3L,81471
Y12-3R,81472
Y12-4L,81473
Y12-4R,81474
Y12-5L,81475
Y12-5R,81476
Y12-6L,81477
Y12-6R,81478
Y12-7L,81479
Y12-7R,81480
Y13-1L,81481
Y13-1R,81482
Y13-2L,81483
Y13-2R,81484
Y13-3L,81485
Y13-3R,81486
Y13-4L,81487
Y13-4R,81488
Y13-5L,81489
Y13-5R,81490
Y13-6L,81491
Y13-6R,81492
Y13-7L,81493
Y13-7R,81494
Y14-1L,81495
Y14-1R,81496
Y14-2L,81497
Y14-2R,81498
Y14-3L,81499
Y14-3R,81500
Y14-4L,81501
Y14-4R,81502
Y14-5L,81503
Y14-5R,81504
Y14-6L,81505
Y14-6R,81506
Y14-7L,81507
Y14-7R,81508
Z01-1L,81509
Z01-1R,81510
Z01-2L,81511
Z01-2R,81512
Z01-3L,81513
Z01-3R,81514
Z01-4L,81515
Z01-4R,81516
Z01-5L,81517
Z01-5R,81518
Z01-6L,81519
Z01-6R,81520
Z01-7L,81521
Z01-7R,81522
Z02-1L,81523
Z02-1R,81524
Z02-2L,81525
Z02-2R,81526
Z02-3L,81527
Z02-3R,81528
Z02-4L,81529
Z02-4R,81530
Z02-5L,81531
Z02-5R,81532
Z02-6L,81533
Z02-6R,81534
Z02-7L,81535
Z02-7R,81536
Z03-1L,81537
Z03-1R,81538
Z03-2L,81539
Z03-2R,81540
Z03-3L,81541
Z03-3R,81542
Z03-4L,81543
Z03-4R,81544
Z03-5L,81545
Z03-5R,81546
Z03-6L,81547
Z03-6R,81548
Z03-7L,81549
Z03-7R,81550
Z04-1L,81551
Z04-1R,81552
Z04-2L,81553
Z04-2R,81554
Z04-3L,81555
Z04-3R,81556
Z04-4L,81557
Z04-4R,81558
Z04-5L,81559
Z04-5R,81560
Z04-6L,81561
Z04-6R,81562
Z04-7L,81563
Z04-7R,81564
Z05-1L,81565
Z05-1R,81566
Z05-2L,81567
Z05-2R,81568
Z05-3L,81569
Z05-3R,81570
Z05-4L,81571
Z05-4R,81572
Z05-5L,81573
Z05-5R,81574
Z05-6L,81575
Z05-6R,81576
Z05-7L,81577
Z05-7R,81578
Z06-1L,81579
Z06-1R,81580
Z06-2L,81581
Z06-2R,81582
Z06-3L,81583
Z06-3R,81584
Z06-4L,81585
Z06-4R,81586
Z06-5L,81587
Z06-5R,81588
Z06-6L,81589
Z06-6R,81590
Z06-7L,81591
Z06-7R,81592
Z07-1L,81593
Z07-1R,81594
Z07-2L,81595
Z07-2R,81596
Z07-3L,81597
Z07-3R,81598
Z07-4L,81599
Z07-4R,81600
Z07-5L,81601
Z07-5R,81602
Z07-6L,81603
Z07-6R,81604
Z07-7L,81605
Z07-7R,81606
Z08-1L,81607
Z08-1R,81608
Z08-2L,81609
Z08-2R,81610
Z08-3L,81611
Z08-3R,81612
Z08-4L,81613
Z08-4R,81614
Z08-5L,81615
Z08-5R,81616
Z08-6L,81617
Z08-6R,81618
Z08-7L,81619
Z08-7R,81620
Z09-1L,81621
Z09-1R,81622
Z09-2L,81623
Z09-2R,81624
Z09-3L,81625
Z09-3R,81626
Z09-4L,81627
Z09-4R,81628
Z09-5L,81629
Z09-5R,81630
Z09-6L,81631
Z09-6R,81632
Z09-7L,81633
Z09-7R,81634
Z10-1L,81635
Z10-1R,81636
Z10-2L,81637
Z10-2R,81638
Z10-3L,81639
Z10-3R,81640
Z10-4L,81641
Z10-4R,81642
Z10-5L,81643
Z10-5R,81644
Z10-6L,81645
Z10-6R,81646
Z10-7L,81647
Z10-7R,81648
Z11-1L,81649
Z11-1R,81650
Z11-2L,81651
Z11-2R,81652
Z11-3L,81653
Z11-3R,81654
Z11-4L,81655
Z11-4R,81656
Z11-5L,81657
Z11-5R,81658
Z11-6L,81659
Z11-6R,81660
Z11-7L,81661
Z11-7R,81662
Z12-1L,81663
Z12-1R,81664
Z12-2L,81665
Z12-2R,81666
Z12-3L,81667
Z12-3R,81668
Z12-4L,81669
Z12-4R,81670
Z12-5L,81671
Z12-5R,81672
Z12-6L,81673
Z12-6R,81674
Z12-7L,81675
Z12-7R,81676
Z13-1L,81677
Z13-1R,81678
Z13-2L,81679
Z13-2R,81680
Z13-3L,81681
Z13-3R,81682
Z13-4L,81683
Z13-4R,81684
Z13-5L,81685
Z13-5R,81686
Z13-6L,81687
Z13-6R,81688
Z13-7L,81689
Z13-7R,81690
Z14-1L,81691
Z14-1R,81692
Z14-2L,81693
Z14-2R,81694
Z14-3L,81695
Z14-3R,81696
Z14-4L,81697
Z14-4R,81698
Z14-5L,81699
Z14-5R,81700
Z14-6L,81701
Z14-6R,81702
Z14-7L,81703
Z14-7R,81704
OV01-1L,81705
OV01-1R,81706
OV01-2L,81707
OV01-2R,81708
OV01-3L,81709
OV01-3R,81710
OV01-4L,81711
OV01-4R,81712
OV01-5L,81713
OV01-5R,81714
OV01-6L,81715
OV01-6R,81716
OV01-7L,81717
OV01-7R,81718
OV02-1L,81719
OV02-1R,81720
OV02-2L,81721
OV02-2R,81722
OV02-3L,81723
OV02-3R,81724
OV02-4L,81725
OV02-4R,81726
OV02-5L,81727
OV02-5R,81728
OV02-6L,81729
OV02-6R,81730
OV02-7L,81731
OV02-7R,81732
OV03-1L,81733
OV03-1R,81734
OV03-2L,81735
OV03-2R,81736
OV03-3L,81737
OV03-3R,81738
OV03-4L,81739
OV03-4R,81740
OV03-5L,81741
OV03-5R,81742
OV03-6L,81743
OV03-6R,81744
OV03-7L,81745
OV03-7R,81746
OV04-1L,81747
OV04-1R,81748
OV04-2L,81749
OV04-2R,81750
OV04-3L,81751
OV04-3R,81752
OV04-4L,81753
OV04-4R,81754
OV04-5L,81755
OV04-5R,81756
OV04-6L,81757
OV04-6R,81758
OV04-7L,81759
OV04-7R,81760
OV05-1L,81761
OV05-1R,81762
OV05-2L,81763
OV05-2R,81764
OV05-3L,81765
OV05-3R,81766
OV05-4L,81767
OV05-4R,81768
OV05-5L,81769
OV05-5R,81770
OV05-6L,81771
OV05-6R,81772
OV05-7L,81773
OV05-7R,81774
OV06-1L,81775
OV06-1R,81776
OV06-2L,81777
OV06-2R,81778
OV06-3L,81779
OV06-3R,81780
OV06-4L,81781
OV06-4R,81782
OV06-5L,81783
OV06-5R,81784
OV06-6L,81785
OV06-6R,81786
OV06-7L,81787
OV06-7R,81788
OV07-1L,81789
OV07-1R,81790
OV07-2L,81791
OV07-2R,81792
OV07-3L,81793
OV07-3R,81794
OV07-4L,81795
OV07-4R,81796
OV07-5L,81797
OV07-5R,81798
OV07-6L,81799
OV07-6R,81800
OV07-7L,81801
OV07-7R,81802
OV08-1L,81803
OV08-1R,81804
OV08-2L,81805
OV08-2R,81806
OV08-3L,81807
OV08-3R,81808
OV08-4L,81809
OV08-4R,81810
OV08-5L,81811
OV08-5R,81812
OV08-6L,81813
OV08-6R,81814
OV08-7L,81815
OV08-7R,81816
OV09-1L,81817
OV09-1R,81818
OV09-2L,81819
OV09-2R,81820
OV09-3L,81821
OV09-3R,81822
OV09-4L,81823
OV09-4R,81824
OV09-5L,81825
OV09-5R,81826
OV09-6L,81827
OV09-6R,81828
OV09-7L,81829
OV09-7R,81830
OV10-1L,81831
OV10-1R,81832
OV10-2L,81833
OV10-2R,81834
OV10-3L,81835
OV10-3R,81836
OV10-4L,81837
OV10-4R,81838
OV10-5L,81839
OV10-5R,81840
OV10-6L,81841
OV10-6R,81842
OV10-7L,81843
OV10-7R,81844
OV11-1L,81845
OV11-1R,81846
OV11-2L,81847
OV11-2R,81848
OV11-3L,81849
OV11-3R,81850
OV11-4L,81851
OV11-4R,81852
OV11-5L,81853
OV11-5R,81854
OV11-6L,81855
OV11-6R,81856
OV11-7L,81857
OV11-7R,81858
OV12-1L,81859
OV12-1R,81860
OV12-2L,81861
OV12-2R,81862
OV12-3L,81863
OV12-3R,81864
OV12-4L,81865
OV12-4R,81866
OV12-5L,81867
OV12-5R,81868
OV12-6L,81869
OV12-6R,81870
OV12-7L,81871
OV12-7R,81872
OV13-1L,81873
OV13-1R,81874
OV13-2L,81875
OV13-2R,81876
OV13-3L,81877
OV13-3R,81878
OV13-4L,81879
OV13-4R,81880
OV13-5L,81881
OV13-5R,81882
OV13-6L,81883
OV13-6R,81884
OV13-7L,81885
OV13-7R,81886
OV14-1L,81887
OV14-1R,81888
OV14-2L,81889
OV14-2R,81890
OV14-3L,81891
OV14-3R,81892
OV14-4L,81893
OV14-4R,81894
OV14-5L,81895
OV14-5R,81896
OV14-6L,81897
OV14-6R,81898
OV14-7L,81899
OV14-7R,81900
