name,
OV15-1L,81901
OV15-1R,81902
OV15-2L,81903
OV15-2R,81904
OV15-3L,81905
OV15-3R,81906
OV15-4L,81907
OV15-4R,81908
OV15-5L,81909
OV15-5R,81910
OV15-6L,81911
OV15-6R,81912
OV15-7L,81913
OV15-7R,81914
OV16-1L,81915
OV16-1R,81916
OV16-2L,81917
OV16-2R,81918
OV16-3L,81919
OV16-3R,81920
OV16-4L,81921
OV16-4R,81922
OV16-5L,81923
OV16-5R,81924
OV16-6L,81925
OV16-6R,81926
OV16-7L,81927
OV16-7R,81928
OV17-1L,81929
OV17-1R,81930
OV17-2L,81931
OV17-2R,81932
OV17-3L,81933
OV17-3R,81934
OV17-4L,81935
OV17-4R,81936
OV17-5L,81937
OV17-5R,81938
OV17-6L,81939
OV17-6R,81940
OV17-7L,81941
OV17-7R,81942
OV18-1L,81943
OV18-1R,81944
OV18-2L,81945
OV18-2R,81946
OV18-3L,81947
OV18-3R,81948
OV18-4L,81949
OV18-4R,81950
OV18-5L,81951
OV18-5R,81952
OV18-6L,81953
OV18-6R,81954
OV18-7L,81955
OV18-7R,81956
OV19-1L,81957
OV19-1R,81958
OV19-2L,81959
OV19-2R,81960
OV19-3L,81961
OV19-3R,81962
OV19-4L,81963
OV19-4R,81964
OV19-5L,81965
OV19-5R,81966
OV19-6L,81967
OV19-6R,81968
OV19-7L,81969
OV19-7R,81970
OV20-1L,81971
OV20-1R,81972
OV20-2L,81973
OV20-2R,81974
OV20-3L,81975
OV20-3R,81976
OV20-4L,81977
OV20-4R,81978
OV20-5L,81979
OV20-5R,81980
OV20-6L,81981
OV20-6R,81982
OV20-7L,81983
OV20-7R,81984
OV21-1L,81985
OV21-1R,81986
OV21-2L,81987
OV21-2R,81988
OV21-3L,81989
OV21-3R,81990
OV21-4L,81991
OV21-4R,81992
OV21-5L,81993
OV21-5R,81994
OV21-6L,81995
OV21-6R,81996
OV21-7L,81997
OV21-7R,81998
OV22-1L,81999
OV22-1R,82000
OV22-2L,82001
OV22-2R,82002
OV22-3L,82003
OV22-3R,82004
OV22-4L,82005
OV22-4R,82006
OV22-5L,82007
OV22-5R,82008
OV22-6L,82009
OV22-6R,82010
OV22-7L,82011
OV22-7R,82012
