Location,Barcode
A06-1L,49349
A06-2L,49350
A06-3L,50903
A06-4L,50904
A06-5L,50905
A06-6L,90135
A06-7L,90136
A06-1R,49351
A06-2R,49352
A06-3R,50906
A06-4R,50907
A06-5R,50908
A06-6R,90137
A06-7R,90138
A07-1L,49353
A07-2L,49354
A07-3L,50909
A07-4L,50910
A07-5L,50911
A07-6L,90139
A07-7L,90140
A07-1R,49355
A07-2R,49356
A07-3R,50912
A07-4R,50913
A07-5R,50914
A07-6R,90141
A07-7R,90142
A08-1L,49357
A08-2L,49358
A08-3L,50915
A08-4L,50916
A08-5L,50917
A08-6L,90143
A08-7L,90144
A08-1R,49359
A08-2R,49360
A08-3R,50918
A08-4R,50919
A08-5R,50920
A08-6R,90145
A08-7R,90146
A09-1L,49361
A09-2L,49362
A09-3L,50921
A09-4L,50922
A09-5L,50923
A09-6L,90147
A09-7L,90148
A09-1R,49363
A09-2R,49364
A09-3R,50924
A09-4R,50925
A09-5R,50926
A09-6R,90149
A09-7R,90150
A10-1L,49365
A10-2L,49366
A10-3L,50927
A10-4L,50928
A10-5L,50929
A10-6L,90151
A10-7L,90152
A10-1R,49367
A10-2R,49368
A10-3R,50930
A10-4R,50931
A10-5R,50932
A10-6R,90153
A10-7R,90154
A11-1L,49369
A11-2L,49370
A11-3L,50933
A11-4L,50934
A11-5L,50935
A11-6L,90155
A11-7L,90156
A11-1R,49371
A11-2R,49372
A11-3R,50936
A11-4R,50937
A11-5R,50938
A11-6R,90157
A11-7R,90158
A12-1L,49373
A12-2L,49374
A12-3L,50939
A12-4L,50940
A12-5L,50941
A12-6L,90159
A12-7L,90160
A12-1R,49375
A12-2R,49376
A12-3R,50942
A12-4R,50943
A12-5R,50944
A12-6R,90161
A12-7R,90162
A13-1L,49377
A13-2L,49378
A13-3L,50945
A13-4L,50946
A13-5L,50947
A13-6L,90163
A13-7L,90164
A13-1R,49379
A13-2R,49380
A13-3R,50948
A13-4R,50949
A13-5R,50950
A13-6R,90165
A13-7R,90166
A14-1L,49381
A14-2L,49382
A14-3L,50951
A14-4L,50952
A14-5L,50953
A14-6L,90167
A14-7L,90168
A14-1R,49383
A14-2R,49384
A14-3R,50954
A14-4R,50955
A14-5R,50956
A14-6R,90169
A14-7R,90170
B06-1L,49417
B06-2L,49418
B06-3L,51005
B06-4L,51006
B06-5L,51007
B06-6L,90171
B06-7L,90172
B06-1R,49419
B06-2R,49420
B06-3R,51008
B06-4R,51009
B06-5R,51010
B06-6R,90173
B06-7R,90174
B07-1L,49413
B07-2L,49414
B07-3L,50999
B07-4L,51000
B07-5L,51001
B07-6L,90175
B07-7L,90176
B07-1R,49415
B07-2R,49416
B07-3R,51002
B07-4R,51003
B07-5R,51004
B07-6R,90177
B07-7R,90178
B08-1L,49409
B08-2L,49410
B08-3L,50993
B08-4L,50994
B08-5L,50995
B08-6L,90179
B08-7L,90180
B08-1R,49411
B08-2R,49412
B08-3R,50996
B08-4R,50997
B08-5R,50998
B08-6R,90181
B08-7R,90182
B09-1L,49405
B09-2L,49406
B09-3L,50987
B09-4L,50988
B09-5L,50989
B09-6L,90183
B09-7L,90184
B09-1R,49407
B09-2R,49408
B09-3R,50990
B09-4R,50991
B09-5R,50992
B09-6R,90185
B09-7R,90186
B10-1L,49401
B10-2L,49402
B10-3L,50981
B10-4L,50982
B10-5L,50983
B10-6L,90187
B10-7L,90188
B10-1R,49403
B10-2R,49404
B10-3R,50984
B10-4R,50985
B10-5R,50986
B10-6R,90189
B10-7R,90190
B11-1L,49397
B11-2L,49398
B11-3L,50975
B11-4L,50976
B11-5L,50977
B11-6L,90191
B11-7L,90192
B11-1R,49399
B11-2R,49400
B11-3R,50978
B11-4R,50979
B11-5R,50980
B11-6R,90193
B11-7R,90194
B12-1L,49393
B12-2L,49394
B12-3L,50969
B12-4L,50970
B12-5L,50971
B12-6L,90195
B12-7L,90196
B12-1R,49395
B12-2R,49396
B12-3R,50972
B12-4R,50973
B12-5R,50974
B12-6R,90197
B12-7R,90198
B13-1L,49389
B13-2L,49390
B13-3L,50963
B13-4L,50964
B13-5L,50965
B13-6L,90199
B13-7L,90200
B13-1R,49391
B13-2R,49392
B13-3R,50966
B13-4R,50967
B13-5R,50968
B13-6R,90201
B13-7R,90202
B14-1L,49385
B14-2L,49386
B14-3L,50957
B14-4L,50958
B14-5L,50959
B14-6L,90203
B14-7L,90204
B14-1R,49387
B14-2R,49388
B14-3R,50960
B14-4R,50961
B14-5R,50962
B14-6R,90205
B14-7R,90206
C06-1L,49461
C06-2L,49462
C06-3L,51071
C06-4L,51072
C06-5L,51073
C06-6L,90207
C06-7L,90208
C06-1R,49463
C06-2R,49464
C06-3R,51074
C06-4R,51075
C06-5R,51076
C06-6R,90209
C06-7R,90210
C07-1L,49465
C07-2L,49466
C07-3L,51077
C07-4L,51078
C07-5L,51079
C07-6L,90211
C07-7L,90212
C07-1R,49467
C07-2R,49468
C07-3R,51080
C07-4R,51081
C07-5R,51082
C07-6R,90213
C07-7R,90214
C08-1L,49469
C08-2L,49470
C08-3L,51083
C08-4L,51084
C08-5L,51085
C08-6L,90215
C08-7L,90216
C08-1R,49471
C08-2R,49472
C08-3R,51086
C08-4R,51087
C08-5R,51088
C08-6R,90217
C08-7R,90218
C09-1L,49473
C09-2L,49474
C09-3L,51089
C09-4L,51090
C09-5L,51091
C09-6L,90219
C09-7L,90220
C09-1R,49475
C09-2R,49476
C09-3R,51092
C09-4R,51093
C09-5R,51094
C09-6R,90221
C09-7R,90222
C10-1L,49477
C10-2L,49478
C10-3L,51095
C10-4L,51096
C10-5L,51097
C10-6L,90223
C10-7L,90224
C10-1R,49479
C10-2R,49480
C10-3R,51098
C10-4R,51099
C10-5R,51100
C10-6R,90225
C10-7R,90226
C11-1L,49481
C11-2L,49482
C11-3L,51101
C11-4L,51102
C11-5L,51103
C11-6L,90227
C11-7L,90228
C11-1R,49483
C11-2R,49484
C11-3R,51104
C11-4R,51105
C11-5R,51106
C11-6R,90229
C11-7R,90230
C12-1L,49485
C12-2L,49486
C12-3L,51107
C12-4L,51108
C12-5L,51109
C12-6L,90231
C12-7L,90232
C12-1R,49487
C12-2R,49488
C12-3R,51110
C12-4R,51111
C12-5R,51112
C12-6R,90233
C12-7R,90234
C13-1L,49489
C13-2L,49490
C13-3L,51113
C13-4L,51114
C13-5L,51115
C13-6L,90235
C13-7L,90236
C13-1R,49491
C13-2R,49492
C13-3R,51116
C13-4R,51117
C13-5R,51118
C13-6R,90237
C13-7R,90238
C14-1L,49493
C14-2L,49494
C14-3L,51119
C14-4L,51120
C14-5L,51121
C14-6L,90239
C14-7L,90240
C14-1R,49495
C14-2R,49496
C14-3R,51122
C14-4R,51123
C14-5R,51124
C14-6R,90241
C14-7R,90242
D06-1L,49529
D06-2L,49530
D06-3L,51173
D06-4L,51174
D06-5L,51175
D06-6L,90243
D06-7L,90244
D06-1R,49531
D06-2R,49532
D06-3R,51176
D06-4R,51177
D06-5R,51178
D06-6R,90245
D06-7R,90246
D07-1L,49525
D07-2L,49526
D07-3L,51167
D07-4L,51168
D07-5L,51169
D07-6L,90247
D07-7L,90248
D07-1R,49527
D07-2R,49528
D07-3R,51170
D07-4R,51171
D07-5R,51172
D07-6R,90249
D07-7R,90250
D08-1L,49521
D08-2L,49522
D08-3L,51161
D08-4L,51162
D08-5L,51163
D08-6L,90251
D08-7L,90252
D08-1R,49523
D08-2R,49524
D08-3R,51164
D08-4R,51165
D08-5R,51166
D08-6R,90253
D08-7R,90254
D09-1L,49517
D09-2L,49518
D09-3L,51155
D09-4L,51156
D09-5L,51157
D09-6L,90255
D09-7L,90256
D09-1R,49519
D09-2R,49520
D09-3R,51158
D09-4R,51159
D09-5R,51160
D09-6R,90257
D09-7R,90258
D10-1L,49513
D10-2L,49514
D10-3L,51149
D10-4L,51150
D10-5L,51151
D10-6L,90259
D10-7L,90260
D10-1R,49515
D10-2R,49516
D10-3R,51152
D10-4R,51153
D10-5R,51154
D10-6R,90261
D10-7R,90262
D11-1L,49509
D11-2L,49510
D11-3L,51143
D11-4L,51144
D11-5L,51145
D11-6L,90263
D11-7L,90264
D11-1R,49511
D11-2R,49512
D11-3R,51146
D11-4R,51147
D11-5R,51148
D11-6R,90265
D11-7R,90266
D12-1L,49505
D12-2L,49506
D12-3L,51137
D12-4L,51138
D12-5L,51139
D12-6L,90267
D12-7L,90268
D12-1R,49507
D12-2R,49508
D12-3R,51140
D12-4R,51141
D12-5R,51142
D12-6R,90269
D12-7R,90270
D13-1L,49501
D13-2L,49502
D13-3L,51131
D13-4L,51132
D13-5L,51133
D13-6L,90271
D13-7L,90272
D13-1R,49503
D13-2R,49504
D13-3R,51134
D13-4R,51135
D13-5R,51136
D13-6R,90273
D13-7R,90274
D14-1L,49497
D14-2L,49498
D14-3L,51125
D14-4L,51126
D14-5L,51127
D14-6L,90275
D14-7L,90276
D14-1R,49499
D14-2R,49500
D14-3R,51128
D14-4R,51129
D14-5R,51130
D14-6R,90277
D14-7R,90278
E06-1L,49573
E06-2L,49574
E06-3L,51239
E06-4L,51240
E06-5L,51241
E06-6L,90279
E06-7L,90280
E06-1R,49575
E06-2R,49576
E06-3R,51242
E06-4R,51243
E06-5R,51244
E06-6R,90281
E06-7R,90282
E07-1L,49577
E07-2L,49578
E07-3L,51245
E07-4L,51246
E07-5L,51247
E07-6L,90283
E07-7L,90284
E07-1R,49579
E07-2R,49580
E07-3R,51248
E07-4R,51249
E07-5R,51250
E07-6R,90285
E07-7R,90286
E08-1L,49581
E08-2L,49582
E08-3L,51251
E08-4L,51252
E08-5L,51253
E08-6L,90287
E08-7L,90288
E08-1R,49583
E08-2R,49584
E08-3R,51254
E08-4R,51255
E08-5R,51256
E08-6R,90289
E08-7R,90290
E09-1L,49585
E09-2L,49586
E09-3L,51257
E09-4L,51258
E09-5L,51259
E09-6L,90291
E09-7L,90292
E09-1R,49587
E09-2R,49588
E09-3R,51260
E09-4R,51261
E09-5R,51262
E09-6R,90293
E09-7R,90294
E10-1L,49589
E10-2L,49590
E10-3L,51263
E10-4L,51264
E10-5L,51265
E10-6L,90295
E10-7L,90296
E10-1R,49591
E10-2R,49592
E10-3R,51266
E10-4R,51267
E10-5R,51268
E10-6R,90297
E10-7R,90298
E11-1L,49593
E11-2L,49594
E11-3L,51269
E11-4L,51270
E11-5L,51271
E11-6L,90299
E11-7L,90300
E11-1R,49595
E11-2R,49596
E11-3R,51272
E11-4R,51273
E11-5R,51274
E11-6R,90301
E11-7R,90302
E12-1L,49597
E12-2L,49598
E12-3L,51275
E12-4L,51276
E12-5L,51277
E12-6L,90303
E12-7L,90304
E12-1R,49599
E12-2R,49600
E12-3R,51278
E12-4R,51279
E12-5R,51280
E12-6R,90305
E12-7R,90306
E13-1L,49601
E13-2L,49602
E13-3L,51281
E13-4L,51282
E13-5L,51283
E13-6L,90307
E13-7L,90308
E13-1R,49603
E13-2R,49604
E13-3R,51284
E13-4R,51285
E13-5R,51286
E13-6R,90309
E13-7R,90310
E14-1L,49605
E14-2L,49606
E14-3L,51287
E14-4L,51288
E14-5L,51289
E14-6L,90311
E14-7L,90312
E14-1R,49607
E14-2R,49608
E14-3R,51290
E14-4R,51291
E14-5R,51292
E14-6R,90313
E14-7R,90314
F06-1L,49641
F06-2L,49642
F06-3L,51341
F06-4L,51342
F06-5L,51343
F06-6L,90315
F06-7L,90316
F06-1R,49643
F06-2R,49644
F06-3R,51344
F06-4R,51345
F06-5R,51346
F06-6R,90317
F06-7R,90318
F07-1L,49637
F07-2L,49638
F07-3L,51335
F07-4L,51336
F07-5L,51337
F07-6L,90319
F07-7L,90320
F07-1R,49639
F07-2R,49640
F07-3R,51338
F07-4R,51339
F07-5R,51340
F07-6R,90321
F07-7R,90322
F08-1L,49633
F08-2L,49634
F08-3L,51329
F08-4L,51330
F08-5L,51331
F08-6L,90323
F08-7L,90324
F08-1R,49635
F08-2R,49636
F08-3R,51332
F08-4R,51333
F08-5R,51334
F08-6R,90325
F08-7R,90326
F09-1L,49629
F09-2L,49630
F09-3L,51323
F09-4L,51324
F09-5L,51325
F09-6L,90327
F09-7L,90328
F09-1R,49631
F09-2R,49632
F09-3R,51326
F09-4R,51327
F09-5R,51328
F09-6R,90329
F09-7R,90330
F10-1L,49625
F10-2L,49626
F10-3L,51317
F10-4L,51318
F10-5L,51319
F10-6L,90331
F10-7L,90332
F10-1R,49627
F10-2R,49628
F10-3R,51320
F10-4R,51321
F10-5R,51322
F10-6R,90333
F10-7R,90334
F11-1L,49621
F11-2L,49622
F11-3L,51311
F11-4L,51312
F11-5L,51313
F11-6L,90335
F11-7L,90336
F11-1R,49623
F11-2R,49624
F11-3R,51314
F11-4R,51315
F11-5R,51316
F11-6R,90337
F11-7R,90338
F12-1L,49617
F12-2L,49618
F12-3L,51305
F12-4L,51306
F12-5L,51307
F12-6L,90339
F12-7L,90340
F12-1R,49619
F12-2R,49620
F12-3R,51308
F12-4R,51309
F12-5R,51310
F12-6R,90341
F12-7R,90342
F13-1L,49613
F13-2L,49614
F13-3L,51299
F13-4L,51300
F13-5L,51301
F13-6L,90343
F13-7L,90344
F13-1R,49615
F13-2R,49616
F13-3R,51302
F13-4R,51303
F13-5R,51304
F13-6R,90345
F13-7R,90346
F14-1L,49609
F14-2L,49610
F14-3L,51293
F14-4L,51294
F14-5L,51295
F14-6L,90347
F14-7L,90348
F14-1R,49611
F14-2R,49612
F14-3R,51296
F14-4R,51297
F14-5R,51298
F14-6R,90349
F14-7R,90350
G06-1L,49685
G06-2L,49686
G06-3L,51407
G06-4L,51408
G06-5L,51409
G06-6L,90351
G06-7L,90352
G06-1R,49687
G06-2R,49688
G06-3R,51410
G06-4R,51411
G06-5R,51412
G06-6R,90353
G06-7R,90354
G07-1L,49689
G07-2L,49690
G07-3L,51413
G07-4L,51414
G07-5L,51415
G07-6L,90355
G07-7L,90356
G07-1R,49691
G07-2R,49692
G07-3R,51416
G07-4R,51417
G07-5R,51418
G07-6R,90357
G07-7R,90358
G08-1L,49693
G08-2L,49694
G08-3L,51419
G08-4L,51420
G08-5L,51421
G08-6L,90359
G08-7L,90360
G08-1R,49695
G08-2R,49696
G08-3R,51422
G08-4R,51423
G08-5R,51424
G08-6R,90361
G08-7R,90362
G09-1L,49697
G09-2L,49698
G09-3L,51425
G09-4L,51426
G09-5L,51427
G09-6L,90363
G09-7L,90364
G09-1R,49699
G09-2R,49700
G09-3R,51428
G09-4R,51429
G09-5R,51430
G09-6R,90365
G09-7R,90366
G10-1L,49701
G10-2L,49702
G10-3L,51431
G10-4L,51432
G10-5L,51433
G10-6L,90367
G10-7L,90368
G10-1R,49703
G10-2R,49704
G10-3R,51434
G10-4R,51435
G10-5R,51436
G10-6R,90369
G10-7R,90370
G11-1L,49705
G11-2L,49706
G11-3L,51437
G11-4L,51438
G11-5L,51439
G11-6L,90371
G11-7L,90372
G11-1R,49707
G11-2R,49708
G11-3R,51440
G11-4R,51441
G11-5R,51442
G11-6R,90373
G11-7R,90374
G12-1L,49709
G12-2L,49710
G12-3L,51443
G12-4L,51444
G12-5L,51445
G12-6L,90375
G12-7L,90376
G12-1R,49711
G12-2R,49712
G12-3R,51446
G12-4R,51447
G12-5R,51448
G12-6R,90377
G12-7R,90378
G13-1L,49713
G13-2L,49714
G13-3L,51449
G13-4L,51450
G13-5L,51451
G13-6L,90379
G13-7L,90380
G13-1R,49715
G13-2R,49716
G13-3R,51452
G13-4R,51453
G13-5R,51454
G13-6R,90381
G13-7R,90382
G14-1L,49717
G14-2L,49718
G14-3L,51455
G14-4L,51456
G14-5L,51457
G14-6L,90383
G14-7L,90384
G14-1R,49719
G14-2R,49720
G14-3R,51458
G14-4R,51459
G14-5R,51460
G14-6R,90385
G14-7R,90386
H06-1L,49753
H06-2L,49754
H06-3L,51509
H06-4L,51510
H06-5L,51511
H06-6L,90387
H06-7L,90388
H06-1R,49755
H06-2R,49756
H06-3R,51512
H06-4R,51513
H06-5R,51514
H06-6R,90389
H06-7R,90390
H07-1L,49749
H07-2L,49750
H07-3L,51503
H07-4L,51504
H07-5L,51505
H07-6L,90391
H07-7L,90392
H07-1R,49751
H07-2R,49752
H07-3R,51506
H07-4R,51507
H07-5R,51508
H07-6R,90393
H07-7R,90394
H08-1L,49745
H08-2L,49746
H08-3L,51497
H08-4L,51498
H08-5L,51499
H08-6L,90395
H08-7L,90396
H08-1R,49747
H08-2R,49748
H08-3R,51500
H08-4R,51501
H08-5R,51502
H08-6R,90397
H08-7R,90398
H09-1L,49741
H09-2L,49742
H09-3L,51491
H09-4L,51492
H09-5L,51493
H09-6L,90399
H09-7L,90400
H09-1R,49743
H09-2R,49744
H09-3R,51494
H09-4R,51495
H09-5R,51496
H09-6R,90401
H09-7R,90402
H10-1L,49737
H10-2L,49738
H10-3L,51485
H10-4L,51486
H10-5L,51487
H10-6L,90403
H10-7L,90404
H10-1R,49739
H10-2R,49740
H10-3R,51488
H10-4R,51489
H10-5R,51490
H10-6R,90405
H10-7R,90406
H11-1L,49733
H11-2L,49734
H11-3L,51479
H11-4L,51480
H11-5L,51481
H11-6L,90407
H11-7L,90408
H11-1R,49735
H11-2R,49736
H11-3R,51482
H11-4R,51483
H11-5R,51484
H11-6R,90409
H11-7R,90410
H12-1L,49729
H12-2L,49730
H12-3L,51473
H12-4L,51474
H12-5L,51475
H12-6L,90411
H12-7L,90412
H12-1R,49731
H12-2R,49732
H12-3R,51476
H12-4R,51477
H12-5R,51478
H12-6R,90413
H12-7R,90414
H13-1L,49725
H13-2L,49726
H13-3L,51467
H13-4L,51468
H13-5L,51469
H13-6L,90415
H13-7L,90416
H13-1R,49727
H13-2R,49728
H13-3R,51470
H13-4R,51471
H13-5R,51472
H13-6R,90417
H13-7R,90418
H14-1L,49721
H14-2L,49722
H14-3L,51461
H14-4L,51462
H14-5L,51463
H14-6L,90419
H14-7L,90420
H14-1R,49723
H14-2R,49724
H14-3R,51464
H14-4R,51465
H14-5R,51466
H14-6R,90421
H14-7R,90422
I06-1L,49797
I06-2L,49798
I06-3L,51575
I06-4L,51576
I06-5L,51577
I06-6L,90423
I06-7L,90424
I06-1R,49799
I06-2R,49800
I06-3R,51578
I06-4R,51579
I06-5R,51580
I06-6R,90425
I06-7R,90426
I07-1L,49801
I07-2L,49802
I07-3L,51581
I07-4L,51582
I07-5L,51583
I07-6L,90427
I07-7L,90428
I07-1R,49803
I07-2R,49804
I07-3R,51584
I07-4R,51585
I07-5R,51586
I07-6R,90429
I07-7R,90430
I08-1L,49805
I08-2L,49806
I08-3L,51587
I08-4L,51588
I08-5L,51589
I08-6L,90431
I08-7L,90432
I08-1R,49807
I08-2R,49808
I08-3R,51590
I08-4R,51591
I08-5R,51592
I08-6R,90433
I08-7R,90434
I09-1L,49809
I09-2L,49810
I09-3L,51593
I09-4L,51594
I09-5L,51595
I09-6L,90435
I09-7L,90436
I09-1R,49811
I09-2R,49812
I09-3R,51596
I09-4R,51597
I09-5R,51598
I09-6R,90437
I09-7R,90438
I10-1L,49813
I10-2L,49814
I10-3L,51599
I10-4L,51600
I10-5L,51601
I10-6L,90439
I10-7L,90440
I10-1R,49815
I10-2R,49816
I10-3R,51602
I10-4R,51603
I10-5R,51604
I10-6R,90441
I10-7R,90442
I11-1L,49817
I11-2L,49818
I11-3L,51605
I11-4L,51606
I11-5L,51607
I11-6L,90443
I11-7L,90444
I11-1R,49819
I11-2R,49820
I11-3R,51608
I11-4R,51609
I11-5R,51610
I11-6R,90445
I11-7R,90446
I12-1L,49821
I12-2L,49822
I12-3L,51611
I12-4L,51612
I12-5L,51613
I12-6L,90447
I12-7L,90448
I12-1R,49823
I12-2R,49824
I12-3R,51614
I12-4R,51615
I12-5R,51616
I12-6R,90449
I12-7R,90450
I13-1L,49825
I13-2L,49826
I13-3L,51617
I13-4L,51618
I13-5L,51619
I13-6L,90451
I13-7L,90452
I13-1R,49827
I13-2R,49828
I13-3R,51620
I13-4R,51621
I13-5R,51622
I13-6R,90453
I13-7R,90454
I14-1L,49829
I14-2L,49830
I14-3L,51623
I14-4L,51624
I14-5L,51625
I14-6L,90455
I14-7L,90456
I14-1R,49831
I14-2R,49832
I14-3R,51626
I14-4R,51627
I14-5R,51628
I14-6R,90457
I14-7R,90458
J06-1L,49865
J06-2L,49866
J06-3L,51677
J06-4L,51678
J06-5L,51679
J06-6L,90459
J06-7L,90460
J06-1R,49867
J06-2R,49868
J06-3R,51680
J06-4R,51681
J06-5R,51682
J06-6R,90461
J06-7R,90462
J07-1L,49861
J07-2L,49862
J07-3L,51671
J07-4L,51672
J07-5L,51673
J07-6L,90463
J07-7L,90464
J07-1R,49863
J07-2R,49864
J07-3R,51674
J07-4R,51675
J07-5R,51676
J07-6R,90465
J07-7R,90466
J08-1L,49857
J08-2L,49858
J08-3L,51665
J08-4L,51666
J08-5L,51667
J08-6L,90467
J08-7L,90468
J08-1R,49859
J08-2R,49860
J08-3R,51668
J08-4R,51669
J08-5R,51670
J08-6R,90469
J08-7R,90470
J09-1L,49853
J09-2L,49854
J09-3L,51659
J09-4L,51660
J09-5L,51661
J09-6L,90471
J09-7L,90472
J09-1R,49855
J09-2R,49856
J09-3R,51662
J09-4R,51663
J09-5R,51664
J09-6R,90473
J09-7R,90474
J10-1L,49849
J10-2L,49850
J10-3L,51653
J10-4L,51654
J10-5L,51655
J10-6L,90475
J10-7L,90476
J10-1R,49851
J10-2R,49852
J10-3R,51656
J10-4R,51657
J10-5R,51658
J10-6R,90477
J10-7R,90478
J11-1L,49845
J11-2L,49846
J11-3L,51647
J11-4L,51648
J11-5L,51649
J11-6L,90479
J11-7L,90480
J11-1R,49847
J11-2R,49848
J11-3R,51650
J11-4R,51651
J11-5R,51652
J11-6R,90481
J11-7R,90482
J12-1L,49841
J12-2L,49842
J12-3L,51641
J12-4L,51642
J12-5L,51643
J12-6L,90483
J12-7L,90484
J12-1R,49843
J12-2R,49844
J12-3R,51644
J12-4R,51645
J12-5R,51646
J12-6R,90485
J12-7R,90486
J13-1L,49837
J13-2L,49838
J13-3L,51635
J13-4L,51636
J13-5L,51637
J13-6L,90487
J13-7L,90488
J13-1R,49839
J13-2R,49840
J13-3R,51638
J13-4R,51639
J13-5R,51640
J13-6R,90489
J13-7R,90490
J14-1L,49833
J14-2L,49834
J14-3L,51629
J14-4L,51630
J14-5L,51631
J14-6L,90491
J14-7L,90492
J14-1R,49835
J14-2R,49836
J14-3R,51632
J14-4R,51633
J14-5R,51634
J14-6R,90493
J14-7R,90494
