SKU,Barcode
SP07-BEAM-WAL,9351853016368
SP07-BEAM-WAL,9351853016368
SP07-BEAM-WAL,9351853016368
SP07-BEAM-WAL,9351853016368
SP07-BEAM-WAL,9351853016368
SP07-BEAM-WAL,9351853016368
SP07-BEAM-WAL,9351853016368
SP07-BEAM-WAL,9351853016368
SP07-BEAM-WAL,9351853016368
SP07-BEAM-WAL,9351853016368
SP07-BEAM-WAL,9351853016368
SP07-BEAM-WAL,9351853016368
SP07-BEAM-WAL,9351853016368
SP07-BEAM-WAL,9351853016368
SP07-BEAM-WAL,9351853016368
SP07-BEAM-WAL,9351853016368
SP07-BEAM-WAL,9351853016368
SP07-BEAM-WAL,9351853016368
