sku,barcode
21367T-4E-BL,69460003267214
21367T-4E-BL,69460003267214
21367T-4E-BL,69460003267214
21367T-4E-BL,69460003267214
21367T-4E-BL,69460003267214
21367T-4E-BL,69460003267214
21367T-4E-BL,69460003267214
21367T-4E-BL,69460003267214
21367T-4E-BL,69460003267214
16347A-CP,650531512871
16347A-CP,650531512871
16347A-CP,650531512871
16347A-CP,650531512871
16347A-CP,650531512871
16347A-CP,650531512871
16347A-CP,650531512871
16347A-CP,650531512871
16347A-CP,650531512871
16347A-CP,650531512871
16347A-CP,650531512871
18359A-ZZ-BN,1P18359A-ZZ-BN
18359A-ZZ-BN,1P18359A-ZZ-BN
18359A-ZZ-BN,1P18359A-ZZ-BN
18359A-ZZ-BN,1P18359A-ZZ-BN
18359A-ZZ-BN,1P18359A-ZZ-BN
18359A-ZZ-BN,1P18359A-ZZ-BN
18359A-ZZ-BN,1P18359A-ZZ-BN
18359A-ZZ-BN,1P18359A-ZZ-BN
1444-CP,87206870361
D029500/G3003,D029500/G3003
D029500/G3003,D029500/G3003
D029500/G3003,D029500/G3003
D029500/G3003,D029500/G3003
22291A-0,22291A-0
