Sku,Barcode
72076A-ZZ-NA,72076A-ZZ-NA
72076A-ZZ-NA,72076A-ZZ-NA
72076A-ZZ-NA,72076A-ZZ-NA
72076A-ZZ-NA,72076A-ZZ-NA
72076A-ZZ-NA,72076A-ZZ-NA
72076A-ZZ-NA,72076A-ZZ-NA
72076A-ZZ-NA,72076A-ZZ-NA
72076A-ZZ-NA,72076A-ZZ-NA
72076A-ZZ-NA,72076A-ZZ-NA
72076A-ZZ-NA,72076A-ZZ-NA
97557-WT,97557-WT
97557-WT,97557-WT
97557-WT,97557-WT
97557-WT,97557-WT
97557-WT,97557-WT
97557-WT,97557-WT
97557-WT,97557-WT
97557-WT,97557-WT
97544A-CP,97544A-CP
97544A-CP,97544A-CP
97544A-CP,97544A-CP
97544A-CP,97544A-CP
97544A-CP,97544A-CP
97544A-CP,97544A-CP
97544A-CP,97544A-CP
97544A-CP,97544A-CP
97544A-CP,97544A-CP
97544A-CP,97544A-CP
